Authors,Authors_link,Title,Title_link,Date
"Crawford, M., Massoud, H., Ayoubi, R., Nabih, Y.","https://pureportal.coventry.ac.uk/en/persons/rami-ayoubi,  https://pureportal.coventry.ac.uk/en/persons/megan-crawford",A revisit to the role of gender in moderating the effect of emotional intelligence on leadership effectiveness: A study from Egypt,https://pureportal.coventry.ac.uk/en/publications/a-revisit-to-the-role-of-gender-in-moderating-the-effect-of-emoti,21 May 2023
"Ezeonyeka, G., Inyang, I., Houmadi, A., Johnson, E., Eskender, M., Johnson, L.","https://pureportal.coventry.ac.uk/en/persons/emmanuel-johnson,  https://pureportal.coventry.ac.uk/en/persons/godswill-ezeonyeka",Becoming Nigerian,https://pureportal.coventry.ac.uk/en/publications/becoming-nigerian,25 Mar 2023
"Morini, L., Dang, Q.","https://pureportal.coventry.ac.uk/en/persons/que-anh-dang,  https://pureportal.coventry.ac.uk/en/persons/luca-morini",Between sameness and difference: challenges for TNE,https://pureportal.coventry.ac.uk/en/publications/between-sameness-and-difference-challenges-for-tne,11 Mar 2023
"Karakus, M., Hajar, A.",https://pureportal.coventry.ac.uk/en/persons/mehmet-karakus,Coming out of the shadows: Investing in English private tutoring at a transition point in Kazakhstan’s education system during the global pandemic,https://pureportal.coventry.ac.uk/en/publications/coming-out-of-the-shadows-investing-in-english-private-tutoring-a,29 May 2023
"Orsini-Jones, M.",https://pureportal.coventry.ac.uk/en/persons/marina-orsini-jones,Foreword,https://pureportal.coventry.ac.uk/en/publications/foreword-2,1 May 2023
"Affouneh, S., Yaseen, D., Angelov, D., Wimpenny, K., Salha, S., Khlaif, Z. N.","https://pureportal.coventry.ac.uk/en/persons/katherine-wimpenny,  https://pureportal.coventry.ac.uk/en/persons/dimitar-angelov",Fostering a culture of qualitative research and scholarly publication in a leading university in the West Bank: a Palestinian-UK capacity-building collaboration,https://pureportal.coventry.ac.uk/en/publications/fostering-a-culture-of-qualitative-research-and-scholarly-publica,4 Jul 2023
"Charalampous, M., Grant, C. A., Tramontano, C.","https://pureportal.coventry.ac.uk/en/persons/christine-grant,  https://pureportal.coventry.ac.uk/en/persons/carlo-tramontano",Getting the measure of remote e-working: a revision and further validation of the E-work life scale,https://pureportal.coventry.ac.uk/en/publications/getting-the-measure-of-remote-e-working-a-revision-and-further-va,2 Jan 2023
"Cawston, J., Mfecoe, N., Powell, D., Angelov, D.","https://pureportal.coventry.ac.uk/en/persons/jacqueline-cawston-2,  https://pureportal.coventry.ac.uk/en/persons/dimitar-angelov",Hacking the Museum: Mandela27 - A Democratic DIY Pop-Up Installation,https://pureportal.coventry.ac.uk/en/publications/hacking-the-museum-mandela27-a-democratic-diy-pop-up-installation,16 May 2023
"Crawford, M., Muhammad, R. R., Lawson, D., Aslam, F.","https://pureportal.coventry.ac.uk/en/persons/duncan-lawson,  https://pureportal.coventry.ac.uk/en/persons/rosida-rakhmawati-muhammad,  https://pureportal.coventry.ac.uk/en/persons/farzana-aslam,  https://pureportal.coventry.ac.uk/en/persons/megan-crawford",Indonesian 2013 Curriculum Ten Years On: Impact on Mathematics Teaching,https://pureportal.coventry.ac.uk/en/publications/indonesian-2013-curriculum-ten-years-on-impact-on-mathematics-tea,15 Jun 2023
"Cawston, J.",https://pureportal.coventry.ac.uk/en/persons/jacqueline-cawston-2,"Interactive Media for Cultural Heritage book: ""From Headsets to Mindsets: A Taxonomy for Human-centred Extended Reality Experimentations for Cultural Heritage.""",https://pureportal.coventry.ac.uk/en/publications/interactive-media-for-cultural-heritage-book-from-headsets-to-min,30 Oct 2023
"Courtney, M., Karakus, M., Singh, N.",https://pureportal.coventry.ac.uk/en/persons/mehmet-karakus,Measuring student well-being in adolescence: proposal of a five-factor integrative model based on PISA 2018 survey data,https://pureportal.coventry.ac.uk/en/publications/measuring-student-well-being-in-adolescence-proposal-of-a-five-fa,3 Jun 2023
"Dang, Q.",https://pureportal.coventry.ac.uk/en/persons/que-anh-dang,'Nordic added value’: a floating signifier and a mechanism for Nordic higher education regionalism,https://pureportal.coventry.ac.uk/en/publications/nordic-added-value-a-floating-signifier-and-a-mechanism-for-nordi,3 Apr 2023
"Karakus, M., Hajar, A.",https://pureportal.coventry.ac.uk/en/persons/mehmet-karakus,Obituary for Zoltán Dörnyei (1960–2022): a bibliometric mapping of his publications,https://pureportal.coventry.ac.uk/en/publications/obituary-for-zolt%C3%A1n-d%C3%B6rnyei-19602022-a-bibliometric-mapping-of-hi,5 Jul 2023
"Schürmann, M., Liebendörfer, M., Hodds, M., Lawson, D., Gilbert, H. J.","https://pureportal.coventry.ac.uk/en/persons/holly-jade-gilbert,  https://pureportal.coventry.ac.uk/en/persons/duncan-lawson,  https://pureportal.coventry.ac.uk/en/persons/mark-hodds",Post-pandemic online mathematics and statistics support: Practitioners’ opinions in Germany and Great Britain & Ireland,https://pureportal.coventry.ac.uk/en/publications/post-pandemic-online-mathematics-and-statistics-support-practitio,19 Mar 2023
"Fero, K.",https://pureportal.coventry.ac.uk/en/persons/ken-fero,Resistant Imagery in Struggles for Justice,https://pureportal.coventry.ac.uk/en/publications/resistant-imagery-in-struggles-for-justice,26 May 2023
"Adie, J. W., Tramontano, C., Mulvenna, M.","https://pureportal.coventry.ac.uk/en/persons/james-adie,  https://pureportal.coventry.ac.uk/en/persons/carlo-tramontano","Self-based goals, underlying reasons, performance and discrete emotions among parkrunners",https://pureportal.coventry.ac.uk/en/publications/self-based-goals-underlying-reasons-performance-and-discrete-emot,3 Jul 2023
"Mohamad, F. S., Wimpenny, K., Thom Nguyen, T. T., Arnab, S., Muhibuddin, F.","https://pureportal.coventry.ac.uk/en/persons/katherine-wimpenny,  https://pureportal.coventry.ac.uk/en/persons/sylvester-arnab",The engaged university: Exploring mutuality and reciprocity between and within communities inside and outside universities through ACES.,https://pureportal.coventry.ac.uk/en/publications/the-engaged-university-exploring-mutuality-and-reciprocity-betwee,2023
"Hodds, M.",https://pureportal.coventry.ac.uk/en/persons/mark-hodds,The impact of Covid-19 on mathematical entry competencies: 1 year on,https://pureportal.coventry.ac.uk/en/publications/the-impact-of-covid-19-on-mathematical-entry-competencies-1-year-,18 Jan 2023
"Courtney, M., Karakus, M., Torrano, D. H., Jumakulov, Z., Helmer, J., Sharplin, E.",https://pureportal.coventry.ac.uk/en/persons/mehmet-karakus,"The role of teacher selection criteria and preparation on teacher self-efficacy, satisfaction, and commitment: An analysis of Kazakhstani TALIS data",https://pureportal.coventry.ac.uk/en/publications/the-role-of-teacher-selection-criteria-and-preparation-on-teacher,27 May 2023
"Karakus, M., Hajar, A.",https://pureportal.coventry.ac.uk/en/persons/mehmet-karakus,Throwing light on fee-charging tutoring during the global pandemic in Kazakhstan: implications for the future of higher education,https://pureportal.coventry.ac.uk/en/publications/throwing-light-on-fee-charging-tutoring-during-the-global-pandemi,26 Feb 2023
"Toprak, M., Chen, J., Karakus, M.",https://pureportal.coventry.ac.uk/en/persons/mehmet-karakus,Transformational school leadership: a systematic review of research in a centralized education system,https://pureportal.coventry.ac.uk/en/publications/transformational-school-leadership-a-systematic-review-of-researc,23 Jun 2023
"Aydin, H., Courtney, M., Karakus, M.",https://pureportal.coventry.ac.uk/en/persons/mehmet-karakus,Understanding the Academic Achievement of the First- and Second-Generation Immigrant Students: A Multi-level Analysis of PISA 2018 Data,https://pureportal.coventry.ac.uk/en/publications/understanding-the-academic-achievement-of-the-first-and-second-ge,May 2023
"Johnson, E.",https://pureportal.coventry.ac.uk/en/persons/emmanuel-johnson,What does it Mean to be Educated in Nigerian Student Experience?,https://pureportal.coventry.ac.uk/en/publications/what-does-it-mean-to-be-educated-in-nigerian-student-experience,1 Jun 2023
"Morini, L., Noreen, S.",https://pureportal.coventry.ac.uk/en/persons/luca-morini,75 Years of Scouting/Guiding Activities in Pakistan - Celebrating the Shared British Heritage of Active Citizenship,https://pureportal.coventry.ac.uk/en/publications/75-years-of-scoutingguiding-activities-in-pakistan-celebrating-th,Dec 2022
"Karakus, M., Hajar, A.",https://pureportal.coventry.ac.uk/en/persons/mehmet-karakus,"A bibliometric mapping of shadow education research: achievements, limitations, and the future",https://pureportal.coventry.ac.uk/en/publications/a-bibliometric-mapping-of-shadow-education-research-achievements-,Jun 2022
"Mohamad, F., Wimpenny, K., Thom Nguyen, T. T., Mahon, D., Arnab, S., Muhibuddin, F.","https://pureportal.coventry.ac.uk/en/persons/katherine-wimpenny,  https://pureportal.coventry.ac.uk/en/persons/sylvester-arnab",ACES - A Community-centred Educational Model for Developing Social Resilience,https://pureportal.coventry.ac.uk/en/publications/aces-a-community-centred-educational-model-for-developing-social-,6 Sept 2022
"Fero, K.",https://pureportal.coventry.ac.uk/en/persons/ken-fero,"After Carlo Giuliani, After Joy Gardner, After George Floyd – collective memory and radical film'.",https://pureportal.coventry.ac.uk/en/publications/after-carlo-giuliani-after-joy-gardner-after-george-floyd-collect,15 Jun 2022
"Khashab, B., Strong, C., Gulliver, S., Ayoubi, R.","https://pureportal.coventry.ac.uk/en/persons/basel-khashab,  https://pureportal.coventry.ac.uk/en/persons/rami-ayoubi",Analysing enterprise resources for developing CRM framework in higher education institutions,https://pureportal.coventry.ac.uk/en/publications/analysing-enterprise-resources-for-developing-crm-framework-in-hi,24 Nov 2022
"Orsini-Jones, M., Finardi, K.",https://pureportal.coventry.ac.uk/en/persons/marina-orsini-jones,A ‘Glocal’  Community of Practice to Support International ELT (English Language Teaching) Students in the UK: Project BMELTET,https://pureportal.coventry.ac.uk/en/publications/a-glocal-community-of-practice-to-support-international-elt-engli,May 2022
"Morini, L.",https://pureportal.coventry.ac.uk/en/persons/luca-morini,Being All Over the Place and Pulling Oneself Together,https://pureportal.coventry.ac.uk/en/publications/being-all-over-the-place-and-pulling-oneself-together,24 May 2022
"Gilkes, G., Wesson, H., Austin, E., Kneafsey, R., Carroll, J., Stuart, K., Rehling, T., Kozlowska, B., Rodrigues Amorim Adegboye, A., Anthony, J.","https://pureportal.coventry.ac.uk/en/persons/amanda-r-a-adegboye,  https://pureportal.coventry.ac.uk/en/persons/kim-stuart,  https://pureportal.coventry.ac.uk/en/persons/tracey-rehling,  https://pureportal.coventry.ac.uk/en/persons/gary-gilkes,  https://pureportal.coventry.ac.uk/en/persons/julia-carroll,  https://pureportal.coventry.ac.uk/en/persons/rosie-kneafsey",Being there in a crisis: increasing access to the paramedic profession for BME communities,https://pureportal.coventry.ac.uk/en/publications/being-there-in-a-crisis-increasing-access-to-the-paramedic-profes,4 Oct 2022
"Lawson, D., Hodds, M., Shao, J.","https://pureportal.coventry.ac.uk/en/persons/mark-hodds,  https://pureportal.coventry.ac.uk/en/persons/duncan-lawson",Changes in student entry competencies 2001 - 2017,https://pureportal.coventry.ac.uk/en/publications/changes-in-student-entry-competencies-2001-2017,1 Jun 2022
"Morini, L., Villar-Onrubia, D., Marín, V. I., Nascimbeni, F.",https://pureportal.coventry.ac.uk/en/persons/luca-morini,Critical digital literacy as a key for (post)digital citizenship: an international review of teacher competence frameworks,https://pureportal.coventry.ac.uk/en/publications/critical-digital-literacy-as-a-key-for-postdigital-citizenship-an,30 Dec 2022
"Beelen, J., Hendrix, K., Sjoer, E., Wimpenny, K., King, V.",https://pureportal.coventry.ac.uk/en/persons/katherine-wimpenny,Curriculum Internationalization and the ‘Decolonizing Academic’,https://pureportal.coventry.ac.uk/en/publications/curriculum-internationalization-and-the-decolonizing-academic,10 Nov 2022
"Mackintosh, S., Clouder, L., Jones, M., Adefila, A.",https://pureportal.coventry.ac.uk/en/persons/deanne-clouder,Development of autonomy on placement: perceptions of physiotherapy students and educators in Australia and the United Kingdom,https://pureportal.coventry.ac.uk/en/publications/development-of-autonomy-on-placement-perceptions-of-physiotherapy,2 Dec 2022
"Gogela-Smith, M., Musodza, B., Rule, P., Wimpenny, K., Morini, L., Frick, L., King, V., Cishe, E., Ayoola, O., Gerber, F., Dang, Q., Kariyan, I., Tshuma, N.","https://pureportal.coventry.ac.uk/en/persons/katherine-wimpenny,  https://pureportal.coventry.ac.uk/en/persons/que-anh-dang,  https://pureportal.coventry.ac.uk/en/persons/luca-morini",Doctorate Supervision in Virtual Borderland Spaces,https://pureportal.coventry.ac.uk/en/publications/doctorate-supervision-in-virtual-borderland-spaces,16 Mar 2022
"Khashab, B., Alraja, M., Ayoubi, R., Shah, M.",https://pureportal.coventry.ac.uk/en/persons/rami-ayoubi,"Do governmental institutions’ readiness Influence citizens’ acceptance of e-services? Technology task fit, system quality, and facilitating conditions as antecedents",https://pureportal.coventry.ac.uk/en/publications/do-governmental-institutions-readiness-influence-citizens-accepta,11 May 2022
"Rowlett, P., Hodds, M.",https://pureportal.coventry.ac.uk/en/persons/mark-hodds,Editorial: CETL-MSOR Conference Special Issue 1: Responding to the COVID-19 pandemic,https://pureportal.coventry.ac.uk/en/publications/editorial-cetl-msor-conference-special-issue-1-responding-to-the-,25 Mar 2022
"Rowlett, P., Hodds, M.",https://pureportal.coventry.ac.uk/en/persons/mark-hodds,"Editorial: CETL-MSOR Conference Special Issue 2: Innovations in teaching, learning, assessment and support",https://pureportal.coventry.ac.uk/en/publications/editorial-cetl-msor-conference-special-issue-2-innovations-in-tea,12 May 2022
"Bluteau, P., Furlong, J., Adefila, A., Jackson, A., Clouder, L.","https://pureportal.coventry.ac.uk/en/persons/deanne-clouder,  https://pureportal.coventry.ac.uk/en/persons/patricia-bluteau",Education for Integrated Working – A Qualitative Research Study Exploring and Contextualizing how Practitioners Learn in Practice,https://pureportal.coventry.ac.uk/en/publications/education-for-integrated-working-a-qualitative-research-study-exp,2 Jan 2022
"Farrell, S., Pointon, J., Price, C., Ormes, J., Anderson, C.",https://pureportal.coventry.ac.uk/en/persons/charlotte-price,"Evaluation of the ThinkHigher Uni Connect Programme Coventry and Warwickshire, in Year 10 students",https://pureportal.coventry.ac.uk/en/publications/evaluation-of-the-thinkhigher-uni-connect-programme-coventry-and-,30 Oct 2022
"Price, C., Gaffney, J., Anderson, C.",https://pureportal.coventry.ac.uk/en/persons/charlotte-price,"Evaluation of the ThinkHigher Uni Connect Programme Coventry and Warwickshire, in Year 12 students",https://pureportal.coventry.ac.uk/en/publications/evaluation-of-the-thinkhigher-uni-connect-programme-coventry-and--2,30 Oct 2022
"Ndaa, P. O., Wimpenny, K., Khanna, R., Bello, A. I., Goodman, S.",https://pureportal.coventry.ac.uk/en/persons/katherine-wimpenny,Exploring Students' Experiences in Occupational Therapy Education: A Phenomenological Study of Professional Identity Development,https://pureportal.coventry.ac.uk/en/publications/exploring-students-experiences-in-occupational-therapy-education-,3 Jan 2022
"Mohiuddin Babu, M., Ayoubi, R., Hasri, E., Ferreira, J.","https://pureportal.coventry.ac.uk/en/persons/eddie-hasri,  https://pureportal.coventry.ac.uk/en/persons/rami-ayoubi,  https://pureportal.coventry.ac.uk/en/persons/mujahid-mohiuddin-babu,  https://pureportal.coventry.ac.uk/en/persons/jennifer-ferreira",Exploring the factors that impacts the self-directed learning of academic staff in universities,https://pureportal.coventry.ac.uk/en/publications/exploring-the-factors-that-impacts-the-self-directed-learning-of-,11 May 2022
"Fero, K.",https://pureportal.coventry.ac.uk/en/persons/ken-fero,Exposed: Nursing Narratives – Racism and the Pandemic,https://pureportal.coventry.ac.uk/en/publications/exposed-nursing-narratives-racism-and-the-pandemic,6 Mar 2022
"Grawemeyer, B., Halloran, J., Croft, D., England, M.","https://pureportal.coventry.ac.uk/en/persons/beate-grawemeyer,  https://pureportal.coventry.ac.uk/en/persons/john-halloran,  https://pureportal.coventry.ac.uk/en/persons/matthew-england",Feedback and Engagement on an Introductory Programming Module,https://pureportal.coventry.ac.uk/en/publications/feedback-and-engagement-on-an-introductory-programming-module,6 Jan 2022
"Jacobo, J.",https://pureportal.coventry.ac.uk/en/persons/jaya-jacobo,Figures of a Gender Now Upon Us: The Transfeminine in Contemporary Queer Fiction from the Philippines,https://pureportal.coventry.ac.uk/en/publications/figures-of-a-gender-now-upon-us-the-transfeminine-in-contemporary,1 Jan 2022
"Wimpenny, K.",https://pureportal.coventry.ac.uk/en/persons/katherine-wimpenny,Foreword by Prof. Katherine Wimpenny,https://pureportal.coventry.ac.uk/en/publications/foreword-by-prof-katherine-wimpenny,2022
"Hussain, H., Ayoubi, R., Durrani, U., Kamal, M. M., Al Naymat, G.","https://pureportal.coventry.ac.uk/en/persons/rami-ayoubi,  https://pureportal.coventry.ac.uk/en/persons/muhammad-mustafa-kamal",Gamified flipped classroom versus traditional classroom learning: Which approach is more efficient in business education?,https://pureportal.coventry.ac.uk/en/publications/gamified-flipped-classroom-versus-traditional-classroom-learning-,1 Mar 2022
"Swanson, D., Gamal, M., Wimpenny, K., Findlow, S., Hatley, J., Bourn, D.",https://pureportal.coventry.ac.uk/en/persons/katherine-wimpenny,"Global Citizenship Education and Sustainability: overcoming contradictions, tensions, rhetoric, and ‘flaws’: Global Citizenship and Borderland Learning",https://pureportal.coventry.ac.uk/en/publications/global-citizenship-education-and-sustainability-overcoming-contra,6 Sept 2022
"Adefila, A., DeWinter, A., Wimpenny, K., Morini, L., Dang, Q.","https://pureportal.coventry.ac.uk/en/persons/que-anh-dang,  https://pureportal.coventry.ac.uk/en/persons/alun-dewinter,  https://pureportal.coventry.ac.uk/en/persons/luca-morini,  https://pureportal.coventry.ac.uk/en/persons/katherine-wimpenny",Global Learning and Assessment; How can global citizenship-oriented curricula enhance teaching training?,https://pureportal.coventry.ac.uk/en/publications/global-learning-and-assessment-how-can-global-citizenship-oriente,2022
"Khalil-Babatunde, M., Adefila, A., Morini, L., Spolander, G., Teixeira, R. V.",https://pureportal.coventry.ac.uk/en/persons/luca-morini,Higher education decolonisation: #Whose voices and their geographical locations?,https://pureportal.coventry.ac.uk/en/publications/higher-education-decolonisation-whose-voices-and-their-geographic,27 May 2022
"James, R. S., McBride, L., Alsop, S., Oxford, S. W.","https://pureportal.coventry.ac.uk/en/persons/sian-alsop,  https://pureportal.coventry.ac.uk/en/persons/sam-oxford",Intra and Inter-Rater Reliability of a Novel Isometric Test of Neck Strength,https://pureportal.coventry.ac.uk/en/publications/intra-and-inter-rater-reliability-of-a-novel-isometric-test-of-ne,21 Dec 2022
"Orsini-Jones, M., Jacobs, L., Finardi, K., Wimpenny, K.","https://pureportal.coventry.ac.uk/en/persons/katherine-wimpenny,  https://pureportal.coventry.ac.uk/en/persons/marina-orsini-jones","Knowing, Being, Relating and Expressing through Third Space Global South-North COIL: Digital Inclusion and Equity in International Higher Education",https://pureportal.coventry.ac.uk/en/publications/knowing-being-relating-and-expressing-through-third-space-global-,May 2022
"Crawford, M., Simkins, T., Maxwell, B., Coldron, J.",https://pureportal.coventry.ac.uk/en/persons/megan-crawford,Local Authorities as actors in the emerging ‘school-led’ system in England,https://pureportal.coventry.ac.uk/en/publications/local-authorities-as-actors-in-the-emerging-school-led-system-in-,7 Jun 2022
"Alvarado, I. U., Rojo, P., Cinotti, A., Clouder, L., Amador Fierros, G., Karakus, M., Ferreyra, M. V.","https://pureportal.coventry.ac.uk/en/persons/deanne-clouder,  https://pureportal.coventry.ac.uk/en/persons/mehmet-karakus",Neurodiversidad en la Educación Superior: la experiencia de los estudiantes,https://pureportal.coventry.ac.uk/en/publications/neurodiversidad-en-la-educaci%C3%B3n-superior-la-experiencia-de-los-es,22 Mar 2022
"Ersozlu, A., Clouder, D. L., Karakus, M., Karakas, F.","https://pureportal.coventry.ac.uk/en/persons/mehmet-karakus,  https://pureportal.coventry.ac.uk/en/persons/deanne-clouder",Nurturing a Climate of Innovation in a Didactic Educational System: A Case Study Exploring Leadership in Private Schools in Turkey,https://pureportal.coventry.ac.uk/en/publications/nurturing-a-climate-of-innovation-in-a-didactic-educational-syste,6 Oct 2022
"Tramontano, C., Brown, S., Wright, H., Walker, K., Crookes, R.","https://pureportal.coventry.ac.uk/en/persons/carlo-tramontano,  https://pureportal.coventry.ac.uk/en/persons/hayley-wright",Older Individuals Convicted of Sexual Offenses: A Literature Review,https://pureportal.coventry.ac.uk/en/publications/older-individuals-convicted-of-sexual-offenses-a-literature-revie,Apr 2022
"Orsini-Jones, M., Finardi, K.",https://pureportal.coventry.ac.uk/en/persons/marina-orsini-jones,Out of the comfort zone: The Trouble With A Mooc-Virtual Exchange (Ve) Blend At The Time Of The Covid 19 Pandemic,https://pureportal.coventry.ac.uk/en/publications/out-of-the-comfort-zone-the-trouble-with-a-mooc-virtual-exchange-,4 Jun 2022
"Adriany, V., Luther, J. D., Bong, S. A., Curtin, B., Jacobo, J.",https://pureportal.coventry.ac.uk/en/persons/jaya-jacobo,Pedagogy of queer studies beyond empire,https://pureportal.coventry.ac.uk/en/publications/pedagogy-of-queer-studies-beyond-empire,22 Nov 2022
"Mohamad, F., Dawson, M., Adefila, A., Schwartz, G., Morini, L., Chen, Y-F., Minoi, J-L., Mahon, D.","https://pureportal.coventry.ac.uk/en/persons/luca-morini,  https://pureportal.coventry.ac.uk/en/persons/yung-fang-chen,  https://pureportal.coventry.ac.uk/en/persons/mark-dawson",Playful Participatory Mapping – Co-creating Games to Foster Systems Thinking,https://pureportal.coventry.ac.uk/en/publications/playful-participatory-mapping-co-creating-games-to-foster-systems,2022
"Morini, L., Baroni, F.",https://pureportal.coventry.ac.uk/en/persons/luca-morini,Prendersi (il) gioco: la prospettiva della co-progettazione contro l’egemonia dei sistemi chiusi nei giochi educativi,https://pureportal.coventry.ac.uk/en/publications/prendersi-il-gioco-la-prospettiva-della-co-progettazione-contro-l,10 Oct 2022
"Crawford, M., Oplatka, I.",https://pureportal.coventry.ac.uk/en/persons/megan-crawford,"Principal, let’s talk about emotions: some lessons COVID-19 taught us about emergency situations and leadership",https://pureportal.coventry.ac.uk/en/publications/principal-lets-talk-about-emotions-some-lessons-covid-19-taught-u,2 Jan 2022
"Morini, L.",https://pureportal.coventry.ac.uk/en/persons/luca-morini,Questioning the Published: On the Unpublishability and (Therefore) the Importance of Invisible (Academic) Activism,https://pureportal.coventry.ac.uk/en/publications/questioning-the-published-on-the-unpublishability-and-therefore-t,1 Jan 2022
"Raven, S.",https://pureportal.coventry.ac.uk/en/persons/steve-raven,Reimagining Qualitative Social Research Fieldwork to Move Online: Perceptions of Racism Among Physical Education Students,https://pureportal.coventry.ac.uk/en/publications/reimagining-qualitative-social-research-fieldwork-to-move-online-,17 Mar 2022
"Tramontano, C., Wood, C., Hemsley, S.",https://pureportal.coventry.ac.uk/en/persons/carlo-tramontano,"Self-efficacy in the Classroom: The Roles of Motivation, Positivity and Resilience",https://pureportal.coventry.ac.uk/en/publications/self-efficacy-in-the-classroom-the-roles-of-motivation-positivity,8 Mar 2022
"Liu, D., Deng, Y., Wimpenny, K.",https://pureportal.coventry.ac.uk/en/persons/katherine-wimpenny,Students’ perceptions and experiences of translanguaging pedagogy in teaching English for academic purposes in China,https://pureportal.coventry.ac.uk/en/publications/students-perceptions-and-experiences-of-translanguaging-pedagogy-,13 Oct 2022
"O'Brien, R., Haug, E., Rubin, J., Leibowitz, J., Wimpenny, K., Szeles, A., Garcia, B., Besana, G. M.",https://pureportal.coventry.ac.uk/en/persons/katherine-wimpenny,Taking COIL Virtual Exchange to Scale: 2004-2020,https://pureportal.coventry.ac.uk/en/publications/taking-coil-virtual-exchange-to-scale-2004-2020,6 Sept 2022
"Grove, M., Lawson, D., Croft, T.",https://pureportal.coventry.ac.uk/en/persons/duncan-lawson,"The development of mathematics support: teaching and learning practices, scholarship and communities",https://pureportal.coventry.ac.uk/en/publications/the-development-of-mathematics-support-teaching-and-learning-prac,30 Jan 2022
"Price, C., Lawson, D., Owen, A.","https://pureportal.coventry.ac.uk/en/persons/charlotte-price,  https://pureportal.coventry.ac.uk/en/persons/alun-owen,  https://pureportal.coventry.ac.uk/en/persons/duncan-lawson",The Impact of COVID-19 on Year 13 A level Mathematics Students: findings of a small-scale survey,https://pureportal.coventry.ac.uk/en/publications/the-impact-of-covid-19-on-year-13-a-level-mathematics-students-fi,8 Apr 2022
"Tramontano, C., Barbaranelli, C., Fida, R., Ghezzi, V., Dentale, F., Paciello, M.",https://pureportal.coventry.ac.uk/en/persons/carlo-tramontano,The Implicit Component of Moral Disengagement: Applying the Relational Responding Task to Investigate Its Relationship With Cheating Behavior,https://pureportal.coventry.ac.uk/en/publications/the-implicit-component-of-moral-disengagement-applying-the-relati,1 Jan 2022
"Grove, M., Lawson, D., Croft, T.",https://pureportal.coventry.ac.uk/en/persons/duncan-lawson,The importance of mathematics and statistics support in English universities: An analysis of institutionally-written regulatory documents,https://pureportal.coventry.ac.uk/en/publications/the-importance-of-mathematics-and-statistics-support-in-english-u,2022
"Nurumov, K., Courtney, M., Ersozlu, Z., Karakus, M.",https://pureportal.coventry.ac.uk/en/persons/mehmet-karakus,The influence of ict use and related attitudes on students’ math and science performance: multilevel analyses of the last decade’s pisa surveys,https://pureportal.coventry.ac.uk/en/publications/the-influence-of-ict-use-and-related-attitudes-on-students-math-a,2 Aug 2022
"Crawford, M., Muhammad, R. R., Lawson, D., Aslam, F.","https://pureportal.coventry.ac.uk/en/persons/rosida-rakhmawati-muhammad,  https://pureportal.coventry.ac.uk/en/persons/duncan-lawson,  https://pureportal.coventry.ac.uk/en/persons/farzana-aslam,  https://pureportal.coventry.ac.uk/en/persons/megan-crawford",The Scientific Approach of The Indonesian 2013 Curriculum: A Comparison with Other Active Learning Strategies in Mathematics,https://pureportal.coventry.ac.uk/en/publications/the-scientific-approach-of-the-indonesian-2013-curriculum-a-compa,15 May 2022
"Crawford, M., Alyafei, K., Ayoubi, R.","https://pureportal.coventry.ac.uk/en/persons/rami-ayoubi,  https://pureportal.coventry.ac.uk/en/persons/megan-crawford",The student experiences of teaching and learning in transnational higher education: A phenomenographic study from a British-Qatari partnership,https://pureportal.coventry.ac.uk/en/publications/the-student-experiences-of-teaching-and-learning-in-transnational,2022
"Morini, L., Adefila, A.",https://pureportal.coventry.ac.uk/en/persons/luca-morini,The University Colonised/Coloniser,https://pureportal.coventry.ac.uk/en/publications/the-university-colonisedcoloniser,10 Jun 2022
"Affouneh, S., Wimpenny, K., Alkamari, A., Nascimbeni, F., Jariego, I., Eldieb, A.",https://pureportal.coventry.ac.uk/en/persons/katherine-wimpenny,Using open education practices across the Mediterranean for intercultural curriculum development in higher education,https://pureportal.coventry.ac.uk/en/publications/using-open-education-practices-across-the-mediterranean-for-inter-2,2022
"Crawford, M., Langford, S.",https://pureportal.coventry.ac.uk/en/persons/megan-crawford,Walking with teachers: A study to explore the importance of teacher wellbeing and their careers,https://pureportal.coventry.ac.uk/en/publications/walking-with-teachers-a-study-to-explore-the-importance-of-teache,7 Feb 2022
"Charalampous, M., Tramontano, C., Grant, C.","https://pureportal.coventry.ac.uk/en/persons/christine-grant,  https://pureportal.coventry.ac.uk/en/persons/carlo-tramontano",“It needs to be the right blend”: a qualitative exploration of remote e-workers’ experience and well-being at work.”,https://pureportal.coventry.ac.uk/en/publications/it-needs-to-be-the-right-blend-a-qualitative-exploration-of-remot,14 Feb 2022
"Beelen, J., Slambee, C., Mitchelle, L-M., Viviani, A., DeWinter, A., Wimpenny, K., Adam, N., George, V., Hodges, M., Obadire, S., Jacobs, L., Klamer, R., Jackson, L., Hagenmeier, C., Samuels, L.","https://pureportal.coventry.ac.uk/en/persons/katherine-wimpenny,  https://pureportal.coventry.ac.uk/en/persons/alun-dewinter","Adapting a capacity-development-in-higher-education project: Doing, being and becoming virtual collaboration",https://pureportal.coventry.ac.uk/en/publications/adapting-a-capacity-development-in-higher-education-project-doing,12 Mar 2021
"Lawson, D.",https://pureportal.coventry.ac.uk/en/persons/duncan-lawson,A history of the development of the mathematics and statistics support community in the United Kingdom.  Part 1: From alpha to sigma,https://pureportal.coventry.ac.uk/en/publications/a-history-of-the-development-of-the-mathematics-and-statistics-su,19 Jan 2021
"Crawford, M.",https://pureportal.coventry.ac.uk/en/persons/megan-crawford,"""Being"" a Head of Department in an English University",https://pureportal.coventry.ac.uk/en/publications/being-a-head-of-department-in-an-english-university,9 Dec 2021
"King, V., Clouder, L., Billot, J., Smith, J.",https://pureportal.coventry.ac.uk/en/persons/deanne-clouder,Borderlanders: Academic Staff being and becoming Doctoral Students,https://pureportal.coventry.ac.uk/en/publications/borderlanders-academic-staff-being-and-becoming-doctoral-students,2021
"Klamer, R., DeWinter, A.",https://pureportal.coventry.ac.uk/en/persons/alun-dewinter,"Can COIL be effective in using diversity to contribute to equality? Experiences of iKudu, a European-South African consortium operating via a decolonised approach to project delivery",https://pureportal.coventry.ac.uk/en/publications/can-coil-be-effective-in-using-diversity-to-contribute-to-equalit,16 Aug 2021
"Crawford, M., Kutsyuruba, B., Walker, K., Cherkowski, S.",https://pureportal.coventry.ac.uk/en/persons/megan-crawford,Conceptualising leadership and emotions in higher education: wellbeing as wholeness,https://pureportal.coventry.ac.uk/en/publications/conceptualising-leadership-and-emotions-in-higher-education-wellb,2021
"Wimpenny, K.",https://pureportal.coventry.ac.uk/en/persons/katherine-wimpenny,Critiquing Inclusive Pedagogies: Online conversations on Inclusive online pedagogies,https://pureportal.coventry.ac.uk/en/publications/critiquing-inclusive-pedagogies-online-conversations-on-inclusive,16 Sept 2021
"Morini, L., Adefila, A.",https://pureportal.coventry.ac.uk/en/persons/luca-morini,Decolonising Education – Fostering Conversations - Interim Project Report,https://pureportal.coventry.ac.uk/en/publications/decolonising-education-fostering-conversations-interim-project-re,9 Sept 2021
"Clarke, C., Tramontano, C., Grant, C.","https://pureportal.coventry.ac.uk/en/persons/carlo-tramontano,  https://pureportal.coventry.ac.uk/en/persons/christine-grant",Development and validation of the e-Work Self-Efficacy Scale to assess digital competencies in remote working,https://pureportal.coventry.ac.uk/en/publications/development-and-validation-of-the-e-work-self-efficacy-scale-to-a,31 Jul 2021
"Orsini-Jones, M., Finardi, K.",https://pureportal.coventry.ac.uk/en/persons/marina-orsini-jones,"Digital critical literacy development and intercultural awareness raising ‘in’ action, ‘on’ action and ‘for’ action in ELT",https://pureportal.coventry.ac.uk/en/publications/digital-critical-literacy-development-and-intercultural-awareness,1 Oct 2021
"King, V., Clouder, L., Billot, J., Smith, J.",https://pureportal.coventry.ac.uk/en/persons/deanne-clouder,Dual-status academics: What makes for meaningful identity-work?,https://pureportal.coventry.ac.uk/en/publications/dual-status-academics-what-makes-for-meaningful-identity-work,21 Jun 2021
"Adefila, A., Soliev, I., Wimpenny, K., Morini, L., Spolander, G., Arrobbio, O., Robinson, Z., Willers, B., Padovan, D., Brown, G.","https://pureportal.coventry.ac.uk/en/persons/geraldine-brown,  https://pureportal.coventry.ac.uk/en/persons/luca-morini,  https://pureportal.coventry.ac.uk/en/persons/katherine-wimpenny",Ecologized Collaborative Online International Learning: Tackling Wicked Sustainability Problems through Education for Sustainable Development,https://pureportal.coventry.ac.uk/en/publications/ecologized-collaborative-online-international-learning-tackling-w,17 Jul 2021
"Morini, L.",https://pureportal.coventry.ac.uk/en/persons/luca-morini,Education as Bulwark of Uselessness.,https://pureportal.coventry.ac.uk/en/publications/education-as-bulwark-of-uselessness,28 Feb 2021
"Ersozlu, A., Usak, M., Karakus, M.",https://pureportal.coventry.ac.uk/en/persons/mehmet-karakus,"Emotions in Learning, Teaching, and Leadership: A Bibliometric Review of Asian Literature (1990–2018)",https://pureportal.coventry.ac.uk/en/publications/emotions-in-learning-teaching-and-leadership-a-bibliometric-revie,25 Jan 2021
"Hodds, M., Lawson, D., Gokhool, F., Aslam, F.","https://pureportal.coventry.ac.uk/en/persons/farhana-gokhool,  https://pureportal.coventry.ac.uk/en/persons/duncan-lawson,  https://pureportal.coventry.ac.uk/en/persons/mark-hodds,  https://pureportal.coventry.ac.uk/en/persons/farzana-aslam",Exploring differential engagement with mathematics support from an engineering student focus,https://pureportal.coventry.ac.uk/en/publications/exploring-differential-engagement-with-mathematics-support-from-a,23 Dec 2021
"Bello, J., Wilson, C., Ruddock, L.",https://pureportal.coventry.ac.uk/en/persons/jaliyyah-bello,Finding our place in the world with the Sustainable Development Goals,https://pureportal.coventry.ac.uk/en/publications/finding-our-place-in-the-world-with-the-sustainable-development-g,18 Feb 2021
"Morini, L., Raven, S.","https://pureportal.coventry.ac.uk/en/persons/luca-morini,  https://pureportal.coventry.ac.uk/en/persons/steve-raven",Institute of Coding - Educational Evaluation Report,https://pureportal.coventry.ac.uk/en/publications/institute-of-coding-educational-evaluation-report,26 Mar 2021
"Viviani, A., Antonelli, M., DeWinter, A., Adefila, A., Massari, S., Chen, Y-F., Filipova, T., Karlsson, L., Dang, Q., Ammari-Allahyari, M., Saarto, A.","https://pureportal.coventry.ac.uk/en/persons/yung-fang-chen,  https://pureportal.coventry.ac.uk/en/persons/que-anh-dang,  https://pureportal.coventry.ac.uk/en/persons/alun-dewinter","Integrating Sustainability-Oriented Ecologies of Practice Across the Learning Cycle: Supporting Transformative Behaviours in Transgenerational, Transnational and Transdisciplinary Spaces",https://pureportal.coventry.ac.uk/en/publications/integrating-sustainability-oriented-ecologies-of-practice-across-,30 Dec 2021
"Beelen, J., Rubin, J., Wimpenny, K.",https://pureportal.coventry.ac.uk/en/persons/katherine-wimpenny,Internationalisation in the classroom and questions of alignment: embedding COIL in an internationalised curriculum,https://pureportal.coventry.ac.uk/en/publications/internationalisation-in-the-classroom-and-questions-of-alignment-,22 Feb 2021
"Adefila, A., DeWinter, A., Wimpenny, K.","https://pureportal.coventry.ac.uk/en/persons/alun-dewinter,  https://pureportal.coventry.ac.uk/en/persons/katherine-wimpenny","JOVITAL - Jordan Opportunity for Virtual Innovative Teaching and Learning Final Report on project activity and impact evaluation 2017-2021: International Online Teaching and Learning, with particular attention to the Jordanian Case",https://pureportal.coventry.ac.uk/en/publications/jovital-jordan-opportunity-for-virtual-innovative-teaching-and-le,Apr 2021
"Lawson, D., Croft, T.",https://pureportal.coventry.ac.uk/en/persons/duncan-lawson,Lessons for mathematics higher education from 25 years of mathematics support,https://pureportal.coventry.ac.uk/en/publications/lessons-for-mathematics-higher-education-from-25-years-of-mathema,15 Apr 2021
"Tomlins, R., Wimpenny, K., Utami, D. D., Arifin, R., Aldy, P. R., Arnab, S., Muhibuddin, F.","https://pureportal.coventry.ac.uk/en/persons/sylvester-arnab,  https://pureportal.coventry.ac.uk/en/persons/katherine-wimpenny",Measuring Early-Primary Students Resilience through Playful Learning,https://pureportal.coventry.ac.uk/en/publications/measuring-early-primary-students-resilience-through-playful-learn,27 Sept 2021
"Zuffianó, A., Tramontano, C., Caprara, M. G., Zhu, L., Eisenberg, N., Caprara, G. V., Pastorelli, C., Regner, E.",https://pureportal.coventry.ac.uk/en/persons/carlo-tramontano,Measuring Prosocial Behaviors: Psychometric Properties and Cross-National Validation of the Prosociality Scale in Five Countries,https://pureportal.coventry.ac.uk/en/publications/measuring-prosocial-behaviors-psychometric-properties-and-cross-n,22 Jul 2021
"Liu, D., Harrison, P., DeWinter, A., Wimpenny, K.","https://pureportal.coventry.ac.uk/en/persons/alun-dewinter,  https://pureportal.coventry.ac.uk/en/persons/peter-harrison,  https://pureportal.coventry.ac.uk/en/persons/katherine-wimpenny",Motivation factors in student decisions to study Transnational Higher Education in China: a comparative study of two Anglo-Sino programmes,https://pureportal.coventry.ac.uk/en/publications/enhancing-transnational-education-tne-programmes-understanding-st,29 Mar 2021
"Fero, K.",https://pureportal.coventry.ac.uk/en/persons/ken-fero,Obstinate Memory: Documentary as trauma in disrupting state narratives on racial violence,https://pureportal.coventry.ac.uk/en/publications/obstinate-memory-documentary-as-trauma-in-disrupting-state-narrat,5 Oct 2021
"Wimpenny, K.",https://pureportal.coventry.ac.uk/en/persons/katherine-wimpenny,Online Pedagogies Beyond the Classroom,https://pureportal.coventry.ac.uk/en/publications/online-pedagogies-beyond-the-classroom,11 Nov 2021
"Karakus, M.",https://pureportal.coventry.ac.uk/en/persons/mehmet-karakus,Outcomes of school administrators’ emotion management: A review of evidence in Asian countries,https://pureportal.coventry.ac.uk/en/publications/outcomes-of-school-administrators-emotion-management-a-review-of-,28 Apr 2021
"Wimpenny, K.",https://pureportal.coventry.ac.uk/en/persons/katherine-wimpenny,Practising cultural sensitivity in virtual spaces: Virtual International Cultural Diversity Festival,https://pureportal.coventry.ac.uk/en/publications/practising-cultural-sensitivity-in-virtual-spaces-virtual-interna,17 Sept 2021
"Ocean, J., Usak, M., Ersozlu, Z., Karakus, M.",https://pureportal.coventry.ac.uk/en/persons/mehmet-karakus,"Self-efficacy, affective well-being, and intent-to-leave by science and mathematics teachers: A structural equation model",https://pureportal.coventry.ac.uk/en/publications/self-efficacy-affective-well-being-and-intent-to-leave-by-science,1 Apr 2021
"Usak, M., ersozlu, A., Karakus, M., Yucel, S.",https://pureportal.coventry.ac.uk/en/persons/mehmet-karakus,"Spirituality and Well-Being of Children, Adolescent, and Adult Students: A Scientific Mapping of the Literature",https://pureportal.coventry.ac.uk/en/publications/spirituality-and-well-being-of-children-adolescent-and-adult-stud,Dec 2021
"Nesi, H., Alsop, S.","https://pureportal.coventry.ac.uk/en/persons/hilary-nesi,  https://pureportal.coventry.ac.uk/en/persons/sian-alsop",Stories and scenarios: lecturers’ use of fantastic hypothetical events,https://pureportal.coventry.ac.uk/en/publications/stories-and-scenarios-lecturers-use-of-fantastic-hypothetical-eve,Sept 2021
"Liu, D., Harrison, P., DeWinter, A., Wimpenny, K.","https://pureportal.coventry.ac.uk/en/persons/katherine-wimpenny,  https://pureportal.coventry.ac.uk/en/persons/alun-dewinter,  https://pureportal.coventry.ac.uk/en/persons/peter-harrison",Students’ perceptions and experiences of teaching and learning in transnational higher education in China: implications of the intercultural dialogue framework,https://pureportal.coventry.ac.uk/en/publications/students-perceptions-and-experiences-of-teaching-and-learning-in-,17 Mar 2021
"Hodds, M.",https://pureportal.coventry.ac.uk/en/persons/mark-hodds,The early impact of the Covid-19 pandemic on mathematical competencies on entry into a UK university,https://pureportal.coventry.ac.uk/en/publications/the-early-impact-of-the-covid-19-pandemic-on-mathematical-compete,1 Dec 2021
"Courtney, M., Karakus, M.",https://pureportal.coventry.ac.uk/en/persons/mehmet-karakus,The Factors Predicting the Achievement of the Immigrant Students: A Multilevel Analysis of PISA 2018,https://pureportal.coventry.ac.uk/en/publications/the-factors-predicting-the-achievement-of-the-immigrant-students-,12 Apr 2021
"Morini, L.",https://pureportal.coventry.ac.uk/en/persons/luca-morini,The Promise of Higher Education,https://pureportal.coventry.ac.uk/en/publications/the-promise-of-higher-education,Dec 2021
"Carroll, J., Enderby, J., Breadmore, H.","https://pureportal.coventry.ac.uk/en/persons/jodie-enderby,  https://pureportal.coventry.ac.uk/en/persons/julia-carroll","The roles of morphology, phonology and prosody in reading and spelling multisyllabic words",https://pureportal.coventry.ac.uk/en/publications/the-roles-of-morphology-phonology-and-prosody-in-reading-and-spel,Jul 2021
"Mohamad, F. S., Morini, L., Minoi, J-L., Masters, A., Mahon, D., Arnab, S.","https://pureportal.coventry.ac.uk/en/persons/sylvester-arnab,  https://pureportal.coventry.ac.uk/en/persons/alex-masters,  https://pureportal.coventry.ac.uk/en/persons/luca-morini","Towards the mapping of learning, playful, and frugal aspects for developing 21st century competencies and resilience",https://pureportal.coventry.ac.uk/en/publications/towards-the-mapping-of-learning-playful-and-frugal-aspects-for-de,24 Sept 2021
"Crawford, M., Outhwaite, D.",https://pureportal.coventry.ac.uk/en/persons/megan-crawford,Unlocking creative leadership in the primary school,https://pureportal.coventry.ac.uk/en/publications/unlocking-creative-leadership-in-the-primary-school,11 Oct 2021
"King, V., Alsop, S., Xu, X., Giaimo, G.",https://pureportal.coventry.ac.uk/en/persons/sian-alsop,Uses of corpus linguistics in education research: An adjustable lens,https://pureportal.coventry.ac.uk/en/publications/uses-of-corpus-linguistics-in-education-research-an-adjustable-le,2021
"Angelov, D.",https://pureportal.coventry.ac.uk/en/persons/dimitar-angelov,Using narrative conventions to analyse travel stories,https://pureportal.coventry.ac.uk/en/publications/using-narrative-conventions-to-analyse-travel-stories,1 May 2021
"Jacobo, J.",https://pureportal.coventry.ac.uk/en/persons/jaya-jacobo,Where Her Breast Wasn't There: Transfemininity and the Philippine Modern,https://pureportal.coventry.ac.uk/en/publications/where-her-breast-wasnt-there-transfemininity-and-the-philippine-m,21 Jul 2021
"King, V., Clouder, L., Billot, J., Smith, J.",https://pureportal.coventry.ac.uk/en/persons/deanne-clouder,Who am I today? Academic staff being and becoming doctoral students,https://pureportal.coventry.ac.uk/en/publications/who-am-i-today-academic-staff-being-and-becoming-doctoral-student,27 May 2021
"Gilbert, H., Lawson, D., Hodds, M.","https://pureportal.coventry.ac.uk/en/persons/holly-jade-gilbert,  https://pureportal.coventry.ac.uk/en/persons/mark-hodds,  https://pureportal.coventry.ac.uk/en/persons/duncan-lawson",“Everyone seems to be agreeing at the minute that face-to-face is the way forward”: Practitioners’ perspectives on post-pandemic Mathematics and Statistics Support,https://pureportal.coventry.ac.uk/en/publications/everyone-seems-to-be-agreeing-at-the-minute-that-face-to-face-is-,1 Dec 2021
"Beelen, J., King, V., Wimpenny, K.",https://pureportal.coventry.ac.uk/en/persons/katherine-wimpenny,Academic development to support the internationalization of the curriculum (IoC): A qualitative research synthesis,https://pureportal.coventry.ac.uk/en/publications/academic-development-to-support-the-internationalization-of-the-c,2 Jul 2020
"Alsop, S., Priestley, J., Gardner, S.","https://pureportal.coventry.ac.uk/en/persons/sian-alsop,  https://pureportal.coventry.ac.uk/en/persons/sheena-gardner",A corpus-driven investigation of connections between the language of written feedback information and ethnic attainment disparity in UK higher education,https://pureportal.coventry.ac.uk/en/publications/a-corpus-driven-investigation-of-connections-between-the-language,6 Feb 2020
"Clouder, D., Neve, H., Wearn, A., Barradell, S.",https://pureportal.coventry.ac.uk/en/persons/deanne-clouder,A qualitative research synthesis exploring professional touch in healthcare practice using the threshold concept framework,https://pureportal.coventry.ac.uk/en/publications/a-qualitative-research-synthesis-exploring-professional-touch-in-,1 Aug 2020
"Affouneh, S., Tweissi, A., Wimpenny, K., Seddik, T., Almakari, A., Stefanelli, C., Abdel Naby, H.",https://pureportal.coventry.ac.uk/en/persons/katherine-wimpenny,Breaking boundaries and building bridges across knowledge-sharing communities: OpenMed,https://pureportal.coventry.ac.uk/en/publications/breaking-boundaries-and-building-bridges-across-knowledge-sharing,20 Feb 2020
"Tweissi, A., Maya, I., Wimpenny, K., Cachia, R., Aldaoud, M., Hiari, O., Villar-Onrubia, D., Eldeib, A.",https://pureportal.coventry.ac.uk/en/persons/katherine-wimpenny,Cultural diversity in the adoption of open education in the Mediterranean basin: collectivist values and power distance in the universities of the Middle East,https://pureportal.coventry.ac.uk/en/publications/cultural-diversity-in-the-adoption-of-open-education-in-the-medit,2020
"Kamibeppu, T., Dang, Q. A.",https://pureportal.coventry.ac.uk/en/persons/que-anh-dang,"Curbing university autonomy and academic freedom in the name of quality assurance, accountability and internationalisation in East Asia",https://pureportal.coventry.ac.uk/en/publications/curbing-university-autonomy-and-academic-freedom-in-the-name-of-q,Aug 2020
"Beelen, J., Sjoer, E., Wimpenny, K., Hindrix, K., King, V.",https://pureportal.coventry.ac.uk/en/persons/katherine-wimpenny,Decolonising academic selves through auto-ethnography,https://pureportal.coventry.ac.uk/en/publications/decolonising-academic-selves-through-auto-ethnography,3 Dec 2020
"Chen, Y. F., Adefila, A.",https://pureportal.coventry.ac.uk/en/persons/yung-fang-chen,Enhancing school safety through university engagement in DRR education,https://pureportal.coventry.ac.uk/en/publications/enhancing-school-safety-through-university-engagement-in-drr-educ,1 Apr 2020
"King, V., Clouder, L., Billot, J., Smith, J.",https://pureportal.coventry.ac.uk/en/persons/deanne-clouder,Friend or Foe: the complexities of being an academic and a doctoral student in the same institution,https://pureportal.coventry.ac.uk/en/publications/friend-or-foe-the-complexities-of-being-an-academic-and-a-doctora,1 Sept 2020
"Beelen, J., Hagenmeier, C., Jones, L., Wimpenny, K.",https://pureportal.coventry.ac.uk/en/persons/katherine-wimpenny,From COIL to curriculum transformation in South Africa: How can curriculum decolonization operate in the third space in Global South-North collaborations?,https://pureportal.coventry.ac.uk/en/publications/from-coil-to-curriculum-transformation-in-south-africa-how-can-cu,3 Dec 2020
"Orsini-Jones, M., Wimpenny, K.","https://pureportal.coventry.ac.uk/en/persons/katherine-wimpenny,  https://pureportal.coventry.ac.uk/en/persons/marina-orsini-jones",Innovation in Collaborative Online International Learning: A Holistic Blend,https://pureportal.coventry.ac.uk/en/publications/innovation-in-collaborative-online-international-learning-a-holis,20 Sept 2020
"King, V., Clouder, D., Billot, J., Smith, J.",https://pureportal.coventry.ac.uk/en/persons/deanne-clouder,Juggling competing activities: academic staff as doctoral candidates,https://pureportal.coventry.ac.uk/en/publications/juggling-competing-activities-academic-staff-as-doctoral-candidat,15 Apr 2020
"Tramontano, C., Losito, B., Palmerio, L., Nocentini, A., Menesini, E.",https://pureportal.coventry.ac.uk/en/persons/carlo-tramontano,"Mapping Community, Social, and Economic risks to investigate the association with school violence and bullying in Italy",https://pureportal.coventry.ac.uk/en/publications/mapping-community-social-and-economic-risks-to-investigate-the-as,Nov 2020
"Rojo, P., Cinotti, A., Clouder, D., Amador Fierros, G., Karakus, M., Ferreyra, M. V.","https://pureportal.coventry.ac.uk/en/persons/deanne-clouder,  https://pureportal.coventry.ac.uk/en/persons/mehmet-karakus",Neurodiversity in higher education: a narrative synthesis,https://pureportal.coventry.ac.uk/en/publications/neurodiversity-in-higher-education-a-narrative-synthesis,1 Oct 2020
"Carroll, J., Breadmore, H.",https://pureportal.coventry.ac.uk/en/persons/julia-carroll,"Protocol for a systematic review of measures of attainment in literacy, mathematics and science.",https://pureportal.coventry.ac.uk/en/publications/protocol-for-a-systematic-review-of-measures-of-attainment-in-lit,14 May 2020
"Bluteau, P., Adefila, A., Opie, J., Ball, S.",https://pureportal.coventry.ac.uk/en/persons/patricia-bluteau,Students’ engagement and learning experiences using virtual patient simulation in a computer supported collaborative learning environment,https://pureportal.coventry.ac.uk/en/publications/students-engagement-and-learning-experiences-using-virtual-patien,2 Jan 2020
"Morini, L.",https://pureportal.coventry.ac.uk/en/persons/luca-morini,The Anti-Ecological University,https://pureportal.coventry.ac.uk/en/publications/the-anti-ecological-university,Jul 2020
"Croft, T., Lawson, D., Grove, M.",https://pureportal.coventry.ac.uk/en/persons/duncan-lawson,The evolution of mathematics support: a literature review,https://pureportal.coventry.ac.uk/en/publications/the-evolution-of-mathematics-support-a-literature-review,16 Nov 2020
"Croft, T., Lawson, D., Grove, M.",https://pureportal.coventry.ac.uk/en/persons/duncan-lawson,The extent and uptake of mathematics support in higher education: results from the 2018 survey,https://pureportal.coventry.ac.uk/en/publications/the-extent-and-uptake-of-mathematics-support-in-higher-education-,30 May 2020
"Tramontano, C., Fida, R., Nocentini, A., Paciello, M., Menesini, E.",https://pureportal.coventry.ac.uk/en/persons/carlo-tramontano,The Role of Traditional and Online Moral Disengagement on Cyberbullying: Do Externalising Problems Make Any Difference?,https://pureportal.coventry.ac.uk/en/publications/the-role-of-traditional-and-online-moral-disengagement-on-cyberbu,1 Feb 2020
"Silva, M. R., Jacobo, J.",https://pureportal.coventry.ac.uk/en/persons/jaya-jacobo,Towards a Final Absolution: A South by South Approach to Trans Resistance from Brazil and the Philippines,https://pureportal.coventry.ac.uk/en/publications/towards-a-final-absolution-a-south-by-south-approach-to-trans-res,1 Dec 2020
"Morini, L.",https://pureportal.coventry.ac.uk/en/persons/luca-morini,"You Can Deny Seriousness, But You Can’t Deny Play’: Emergent Resistance to Purposive Games.",https://pureportal.coventry.ac.uk/en/publications/you-can-deny-seriousness-but-you-cant-deny-play-emergent-resistan,19 Nov 2020
"Clarke, S., Mohamad, F., Morini, L., Phoa, J., Beaufoy, J., Arnab, S., Lim, T., Minoi, J. L.","https://pureportal.coventry.ac.uk/en/persons/sylvester-arnab,  https://pureportal.coventry.ac.uk/en/persons/luca-morini,  https://pureportal.coventry.ac.uk/en/persons/samantha-clarke",A participatory co-creation model to drive community engagement in rural indigenous schools: A case study in Sarawak,https://pureportal.coventry.ac.uk/en/publications/a-participatory-co-creation-model-to-drive-community-engagement-i,1 Sept 2019
"Mohamad, F., Morini, L., Romero, M., Arnab, S., Smet, C. D., Minoi, J. L.","https://pureportal.coventry.ac.uk/en/persons/sylvester-arnab,  https://pureportal.coventry.ac.uk/en/persons/luca-morini",Assessment of co-creativity in the process of game design,https://pureportal.coventry.ac.uk/en/publications/assessment-of-co-creativity-in-the-process-of-game-design,1 Sept 2019
"Solomons, Z.",https://pureportal.coventry.ac.uk/en/persons/zaira-solomons,A Synthesis of the South African Educational Landscape and a Critical Analysis of Student Attainment.,https://pureportal.coventry.ac.uk/en/publications/a-synthesis-of-the-south-african-educational-landscape-and-a-crit,25 Mar 2019
"Clark, A. C., Ersozlu, A., Karakus, M.",https://pureportal.coventry.ac.uk/en/persons/mehmet-karakus,Augmented Reality Research in Education: A Bibliometric Study,https://pureportal.coventry.ac.uk/en/publications/augmented-reality-research-in-education-a-bibliometric-study,9 May 2019
"Carroll, J., Kirtland, G., Holliday, N.","https://pureportal.coventry.ac.uk/en/persons/nikki-holliday,  https://pureportal.coventry.ac.uk/en/persons/julia-carroll",Can the Benefits of Creative Methods Support the Inclusion of Children as part of Intergenerational Research Projects?,https://pureportal.coventry.ac.uk/en/publications/can-the-benefits-of-creative-methods-support-the-inclusion-of-chi,2 May 2019
"Adefila, A., DeWinter, A., Tawileh, W., Wimpenny, K., Trunk, N., Jaser, E.","https://pureportal.coventry.ac.uk/en/persons/katherine-wimpenny,  https://pureportal.coventry.ac.uk/en/persons/alun-dewinter",Capacity Building for Virtual Innovative Teaching and Learning in Jordan – Experiences of the JOVITAL project,https://pureportal.coventry.ac.uk/en/publications/capacity-building-for-virtual-innovative-teaching-and-learning-in,18 Jun 2019
"Woods, S., Wimpenny, K., Moriarty, J., Almeida-Harvey, I., Johnson, H., Bushell, K., Blake, P., Rivas, C., Fennessy, J., Norbury, D.",https://pureportal.coventry.ac.uk/en/persons/katherine-wimpenny,Carnival of invention,https://pureportal.coventry.ac.uk/en/publications/carnival-of-invention,1 May 2019
"Crawford, M., Watson, S.",https://pureportal.coventry.ac.uk/en/persons/megan-crawford,"Connecting Leadership, Professional Development and Affect",https://pureportal.coventry.ac.uk/en/publications/connecting-leadership-professional-development-and-affect,18 Feb 2019
"Carroll, J., Critten, S.",https://pureportal.coventry.ac.uk/en/persons/julia-carroll,Developmental Language Disorder: Cognition in Childhood,https://pureportal.coventry.ac.uk/en/publications/developmental-language-disorder-cognition-in-childhood,20 Dec 2019
"Charalampous, N., Tramontano, C., Grant, C.","https://pureportal.coventry.ac.uk/en/persons/christine-grant,  https://pureportal.coventry.ac.uk/en/persons/carlo-tramontano",Filling the Puzzle: Using E-Work Wellbeing scale (EWW) to determine links between remote e-working and cognitive weariness and psychosomatic conditions,https://pureportal.coventry.ac.uk/en/publications/filling-the-puzzle-using-e-work-wellbeing-scale-eww-to-determine-,1 Jun 2019
"Morini, L., Arnab, S., Mohamad, F. S., Minoi, J. L.","https://pureportal.coventry.ac.uk/en/persons/luca-morini,  https://pureportal.coventry.ac.uk/en/persons/sylvester-arnab",Game-based learning to teach higher order thinking in rural schools: Case studies in Sarawak Borneo,https://pureportal.coventry.ac.uk/en/publications/game-based-learning-to-teach-higher-order-thinking-in-rural-schoo,1 Jun 2019
"Wimpenny, K.",https://pureportal.coventry.ac.uk/en/persons/katherine-wimpenny,Global knowledge-exchange for widening participation in learning through Open Education Practices,https://pureportal.coventry.ac.uk/en/publications/global-knowledge-exchange-for-widening-participation-in-learning-,13 May 2019
"Eddy-Spicer, D., James, C., Bubb, S., Earley, P., Crawford, M.",https://pureportal.coventry.ac.uk/en/persons/megan-crawford,Headteacher performance management in England: Balancing internal and external accountability through performance leadership,https://pureportal.coventry.ac.uk/en/publications/headteacher-performance-management-in-england-balancing-internal-,1 Mar 2019
"Wilson, C., Gakhal, S.",https://pureportal.coventry.ac.uk/en/persons/sandeep-gakhal,"Is students' qualitative feedback changing, now it is online?",https://pureportal.coventry.ac.uk/en/publications/is-students-qualitative-feedback-changing-now-it-is-online,3 Apr 2019
"Cappy, G.",https://pureportal.coventry.ac.uk/en/persons/grace-cappy,Promoting Active Learning in Universities: Thematic Peer Group Report,https://pureportal.coventry.ac.uk/en/publications/promoting-active-learning-in-universities-thematic-peer-group-rep,25 Mar 2019
"Johnson, E.",https://pureportal.coventry.ac.uk/en/persons/emmanuel-johnson,Representation of Faith Using Social Media,https://pureportal.coventry.ac.uk/en/publications/representation-of-faith-using-social-media,23 May 2019
"Morini, L.",https://pureportal.coventry.ac.uk/en/persons/luca-morini,Research as a Game of Empire,https://pureportal.coventry.ac.uk/en/publications/research-as-a-game-of-empire,31 Oct 2019
"Barron, V., Wimpenny, K.",https://pureportal.coventry.ac.uk/en/persons/katherine-wimpenny,Socially committed practice: issues of authenticity in arts related research,https://pureportal.coventry.ac.uk/en/publications/socially-committed-practice-issues-of-authenticity-in-arts-relate,24 Oct 2019
"Bagiya, Y., Adefila, A., Aslam, F.","https://pureportal.coventry.ac.uk/en/persons/farzana-aslam,  https://pureportal.coventry.ac.uk/en/persons/yamuna-dass",STEM outreach activities: an approach to teachers' professional development,https://pureportal.coventry.ac.uk/en/publications/stem-outreach-activities-an-approach-to-teachers-professional-dev-3,29 May 2019
"Burgos, D., Wimpenny, K.",https://pureportal.coventry.ac.uk/en/persons/katherine-wimpenny,"The attrition factor: Student engagement and teacher commitment in online, intercultural Higher Education settings",https://pureportal.coventry.ac.uk/en/publications/the-attrition-factor-student-engagement-and-teacher-commitment-in,10 Sept 2019
"Empimano, V., Torrechilla, M., Tablazon, C., Jacobo, J.",https://pureportal.coventry.ac.uk/en/persons/jaya-jacobo,"The Bakla, The Agi: Our Genders Which Are Not One",https://pureportal.coventry.ac.uk/en/publications/the-bakla-the-agi-our-genders-which-are-not-one,Jul 2019
"Adefila, A., Trunk, A., Wimpenny, K., Dermol, V., Dewinter, A., Sirca, N. T.","https://pureportal.coventry.ac.uk/en/persons/katherine-wimpenny,  https://pureportal.coventry.ac.uk/en/persons/alun-dewinter",The JOVITAL Project: Capacity Building for Virtual Innovative Teaching and Learning in Jordan,https://pureportal.coventry.ac.uk/en/publications/the-jovital-project-capacity-building-for-virtual-innovative-teac,5 Dec 2019
"Wilson, C., Gakhal, S.",https://pureportal.coventry.ac.uk/en/persons/sandeep-gakhal,The problem is here and now – assessing current student attainment gaps to inform change to institutional student experience provision,https://pureportal.coventry.ac.uk/en/publications/the-problem-is-here-and-now-assessing-current-student-attainment-,13 Sept 2019
"Raissouni, I., Wimpenny, K., Cawston, J., Clouder, D., Selmaoui, K., Hdouch, Y.","https://pureportal.coventry.ac.uk/en/persons/deanne-clouder,  https://pureportal.coventry.ac.uk/en/persons/jacqueline-cawston-2,  https://pureportal.coventry.ac.uk/en/persons/katherine-wimpenny",The role of assistive technology in renegotiating the inclusion of students with disabilities in Higher Education in North Africa,https://pureportal.coventry.ac.uk/en/publications/the-role-of-assistive-technology-in-renegotiating-the-inclusion-o,Aug 2019
"Napitupulu, J., Ilchev, I., Osman, M., Sharif, H., Rawat, S., Okusanya, G., Johnson, E., Sterk, C., Kovalenkor, I., Davis, J., Alara, A., Oyeyipo, A., Magar, N., Adeola, D.",https://pureportal.coventry.ac.uk/en/persons/emmanuel-johnson,To Grow a Tree,https://pureportal.coventry.ac.uk/en/publications/to-grow-a-tree,1 Aug 2019
"Alsop, S., Gardner, S.","https://pureportal.coventry.ac.uk/en/persons/sian-alsop,  https://pureportal.coventry.ac.uk/en/persons/sheena-gardner",Understanding attainment disparity: A corpus-driven analysis of the language used in written feedback information to students of different backgrounds.,https://pureportal.coventry.ac.uk/en/publications/understanding-attainment-disparity-a-corpus-driven-analysis-of-th,26 Jan 2019
"Alsop, S., Gardner, S.","https://pureportal.coventry.ac.uk/en/persons/sian-alsop,  https://pureportal.coventry.ac.uk/en/persons/sheena-gardner",Understanding Attainment Disparity: The Case for a Corpus-Driven Analysis of the Language used in Written Feedback Information to Students of Different Backgrounds,https://pureportal.coventry.ac.uk/en/publications/understanding-attainment-disparity-the-case-for-a-corpus-driven-a,2019
"Morini, L.",https://pureportal.coventry.ac.uk/en/persons/luca-morini,Universities: increasingly stressful environments taking psychological toll – here’s what needs to change,https://pureportal.coventry.ac.uk/en/publications/universities-increasingly-stressful-environments-taking-psycholog,26 Mar 2019
"Alsop, S., Gardner, S.","https://pureportal.coventry.ac.uk/en/persons/sian-alsop,  https://pureportal.coventry.ac.uk/en/persons/sheena-gardner",What can corpus analysis tell us about attainment disparity? A pilot analysis of written feedback information to students from two faculties.,https://pureportal.coventry.ac.uk/en/publications/what-can-corpus-analysis-tell-us-about-attainment-disparity-a-pil,23 Jul 2019
"Ayesh, A., Hakouz, A., Said, R., Abu Hilal, A., Naimi, O., Mkhiemir, F., Holmes, S.",https://pureportal.coventry.ac.uk/en/persons/sylwia-holmes,“We now know how to learn” - Introducing student-centred teaching and learning in Jordan,https://pureportal.coventry.ac.uk/en/publications/we-now-know-how-to-learn-introducing-student-centred-teaching-and,2019
"Wilson, C., Broughan, C., Gakhal, S.",https://pureportal.coventry.ac.uk/en/persons/sandeep-gakhal,Achieving Excellence By Helping More Students To Get On – Trialling New Tools To Demonstrate What Works,https://pureportal.coventry.ac.uk/en/publications/achieving-excellence-by-helping-more-students-to-get-on-trialling,7 Dec 2018
"Johnson, E., Dewar, J., Okafor, U., Evans, A.","https://pureportal.coventry.ac.uk/en/persons/emmanuel-johnson,  https://pureportal.coventry.ac.uk/en/persons/ady-evans",Ady's interlude: On Lad Culture,https://pureportal.coventry.ac.uk/en/publications/adys-interlude-on-lad-culture,2018
"Brady, G., Brown, G., Fried, J., Crookes, R.","https://pureportal.coventry.ac.uk/en/persons/geraldine-brown,  https://pureportal.coventry.ac.uk/en/persons/jana-fried","An evaluation of Unlocking Nature, Greening the prison environment: Unlocking Nature",https://pureportal.coventry.ac.uk/en/publications/an-evaluation-of-unlocking-nature-greening-the-prison-environment,Dec 2018
"Burgos, D., Villar-Onrubia, D., Nascimbeni, F., Wimpenny, K.",https://pureportal.coventry.ac.uk/en/persons/katherine-wimpenny,A new approach to digital competence building for university educators in Europe,https://pureportal.coventry.ac.uk/en/publications/a-new-approach-to-digital-competence-building-for-university-educ,28 Feb 2018
"Burgos, D., Villar-Onrubia, D., Nascimbeni, F., Wimpenny, K.",https://pureportal.coventry.ac.uk/en/persons/katherine-wimpenny,A New Approach to Digital Competence Building for University Educators in Europe,https://pureportal.coventry.ac.uk/en/publications/a-new-approach-to-digital-competence-building-for-university-educ-2,2018
"Vidal-Hall, C., Passingham, A., Holmes, S.",https://pureportal.coventry.ac.uk/en/persons/sylwia-holmes,"An investigation into how to assess the quality of education through curriculum intent, implementation and impact",https://pureportal.coventry.ac.uk/en/publications/an-investigation-into-how-to-assess-the-quality-of-education-thro,2018
"Clarke, S., Mohamad, F., Morini, L., Phoa, J., Beaufoy, J., Arnab, S., Lim, T., Minoi, J. L.","https://pureportal.coventry.ac.uk/en/persons/sylvester-arnab,  https://pureportal.coventry.ac.uk/en/persons/luca-morini,  https://pureportal.coventry.ac.uk/en/persons/samantha-clarke",Case study: Game design thinking as a strategy for community engagement in a rural indigenous village,https://pureportal.coventry.ac.uk/en/publications/case-study-game-design-thinking-as-a-strategy-for-community-engag,1 Jan 2018
"Mohamad, F., Morini, L., Romero, M., De Smet, C., Arnab, S., Minoi, J. L., Abdelouma, S.","https://pureportal.coventry.ac.uk/en/persons/sylvester-arnab,  https://pureportal.coventry.ac.uk/en/persons/luca-morini",Co-creativity assessment in the process of game creation,https://pureportal.coventry.ac.uk/en/publications/co-creativity-assessment-in-the-process-of-game-creation,1 Jan 2018
"Helen, J., Wimpenny, K.",https://pureportal.coventry.ac.uk/en/persons/katherine-wimpenny,"Collaborative Poetics Network: A Pilot Study Exploring the Potential of Collaborative, Arts-based Research",https://pureportal.coventry.ac.uk/en/publications/collaborative-poetics-network-a-pilot-study-exploring-the-potenti,9 Feb 2018
"Morini, L., Arnab, S., Mohamad, F., Lynn, J.","https://pureportal.coventry.ac.uk/en/persons/luca-morini,  https://pureportal.coventry.ac.uk/en/persons/sylvester-arnab","Engaging primary schools in rural Malaysia with Game-Based Learning: Culture, Pedagogy, Technology",https://pureportal.coventry.ac.uk/en/publications/engaging-primary-schools-in-rural-malaysia-with-game-based-learni,2018
"Maya, I., Burgos, D., Wimpenny, K., Nascimbeni, F., Aceto, S., Eldieb, A., Stefanelli, C.",https://pureportal.coventry.ac.uk/en/persons/katherine-wimpenny,Exploring multicultural e-learning through a blended course across the Mediterranean,https://pureportal.coventry.ac.uk/en/publications/exploring-multicultural-e-learning-through-a-blended-course-acros,23 Feb 2018
"Berrada, K., Burgos, D., Wimpenny, K., Nascimbeni, F., Almakari, A., Jariego, I., Villar-Onrubia, D.",https://pureportal.coventry.ac.uk/en/persons/katherine-wimpenny,Facilitators' Perspectives as Mediators of the Local Learning Circles of the OpenMed Open Course,https://pureportal.coventry.ac.uk/en/publications/facilitators-perspectives-as-mediators-of-the-local-learning-circ,10 Jan 2018
"Alkali, M., Johnson, E., Silitonga, S.","https://pureportal.coventry.ac.uk/en/persons/emmanuel-johnson,  https://pureportal.coventry.ac.uk/en/persons/mabel-alkali",Hong Kong New Wave Reflection,https://pureportal.coventry.ac.uk/en/publications/hong-kong-new-wave-reflection,2018
"Gao, H. J., Qian, Y., Anussornrajkit, C., Johnson, E., Yang, T., Zhang, Y., Silitonga, S.",https://pureportal.coventry.ac.uk/en/persons/emmanuel-johnson,Identity (Hong Kong New Wave Short Film),https://pureportal.coventry.ac.uk/en/publications/identity-hong-kong-new-wave-short-film,2018
"Johnson, E., Silitonga, S.",https://pureportal.coventry.ac.uk/en/persons/emmanuel-johnson,Identity (Hong Kong New Wave Short Film): Director's Commentary,https://pureportal.coventry.ac.uk/en/publications/identity-hong-kong-new-wave-short-film-directors-commentary,2018
"Adefila, A., DeWinter, A., Wimpenny, K.","https://pureportal.coventry.ac.uk/en/persons/katherine-wimpenny,  https://pureportal.coventry.ac.uk/en/persons/alun-dewinter","Jordan Opportunity for Virtual Innovative Teaching and Learning: A Needs Analysis Report Contextualising the State of the Art in International Online Teaching and Learning, with Particular Attention to the Jordanian Case",https://pureportal.coventry.ac.uk/en/publications/jordan-opportunity-for-virtual-innovative-teaching-and-learning-a,13 Dec 2018
"Berrada, K., Burgos, D., Wimpenny, K., Alkamari, A., Nascimbeni, F., Stefanelli, C.",https://pureportal.coventry.ac.uk/en/persons/katherine-wimpenny,Lessons learnt from the collaborative creation and piloting of a course in Open Education for the South Mediterranean region,https://pureportal.coventry.ac.uk/en/publications/lessons-learnt-from-the-collaborative-creation-and-piloting-of-a-,22 Feb 2018
"Crawford, M.",https://pureportal.coventry.ac.uk/en/persons/megan-crawford,Methodological issues in researching maladministration,https://pureportal.coventry.ac.uk/en/publications/methodological-issues-in-researching-maladministration,1 Apr 2018
"Hakouz, A., Pachler, N., Mkhiemir, F., Holmes, S.",https://pureportal.coventry.ac.uk/en/persons/sylwia-holmes,Monitoring and evaluation of the TEPD – 2018 annual report,https://pureportal.coventry.ac.uk/en/publications/monitoring-and-evaluation-of-the-tepd-2018-annual-report,2018
"Lewis, S., Morris, S., Holmes, S.",https://pureportal.coventry.ac.uk/en/persons/sylwia-holmes,"Obesity, healthy eating and physical activity in primary schools",https://pureportal.coventry.ac.uk/en/publications/obesity-healthy-eating-and-physical-activity-in-primary-schools,2018
"Villar-Onrubia, D., Merry, S. K., Stefanelli, C., Wimpenny, K.","https://pureportal.coventry.ac.uk/en/persons/katherine-wimpenny,  https://pureportal.coventry.ac.uk/en/persons/sarah-kate-merry",OpenMed – Educación abierta en el sur del Mediterráneo: OpenMed - Open Education in the South-Mediterranean,https://pureportal.coventry.ac.uk/en/publications/openmed-educaci%C3%B3n-abierta-en-el-sur-del-mediterr%C3%A1neo-openmed-open,30 Sept 2018
"Bagiya, Y., Adefila, A., Aslam, F.","https://pureportal.coventry.ac.uk/en/persons/farzana-aslam,  https://pureportal.coventry.ac.uk/en/persons/yamuna-dass",STEM outreach activities: an approach to teachers’ professional development: STEM outreach activities,https://pureportal.coventry.ac.uk/en/publications/stem-outreach-activities-an-approach-to-teachers-professional-dev,10 Jan 2018
"Alsop, S.",https://pureportal.coventry.ac.uk/en/persons/sian-alsop,Summary matters: How lecturers review and preview information in engineering lectures,https://pureportal.coventry.ac.uk/en/publications/summary-matters-how-lecturers-review-and-preview-information-in-e,5 Jul 2018
"Nhu Huy, N., Chotpradit, T., Scott, P., Legaspi-Ramirez, E., Polmuk, C., Supangkat, J., Soon, S., Nelson, R., Lin Tun, S., Jacobo, J.",https://pureportal.coventry.ac.uk/en/persons/jaya-jacobo,"Terminologies of ""Modern"" and ""Contemporary"" Art in Southeast Asia's Vernacular Languages: Indonesian, Javanese, Khmer, Lao, Malay, Myanmar/Burmese, Tagalog/Filipino, Thai and Vietnamese",https://pureportal.coventry.ac.uk/en/publications/terminologies-of-modern-and-contemporary-art-in-southeast-asias-v,1 Oct 2018
"DeWinter, A.",https://pureportal.coventry.ac.uk/en/persons/alun-dewinter,The Benefits and Challenges of Embedding Intercultural Competencies into the Postgraduate Research Provision,https://pureportal.coventry.ac.uk/en/publications/the-benefits-and-challenges-of-embedding-intercultural-competenci,2018
"Gakhal, S.",https://pureportal.coventry.ac.uk/en/persons/sandeep-gakhal,What is Teaching Excellence?,https://pureportal.coventry.ac.uk/en/publications/what-is-teaching-excellence,20 Feb 2018
"Bluteau, P., Furlong, J., Adefila, A., Jackson, A., Clouder, D., Daly, G.","https://pureportal.coventry.ac.uk/en/persons/deanne-clouder,  https://pureportal.coventry.ac.uk/en/persons/patricia-bluteau",An investigation to understand and evaluate the best ways to educate for and promote integrated working across the health and care sectors.,https://pureportal.coventry.ac.uk/en/publications/an-investigation-to-understand-and-evaluate-the-best-ways-to-educ,14 Jun 2017
"Clouder, D., Adefila, A.",https://pureportal.coventry.ac.uk/en/persons/deanne-clouder,"Empowerment of physiotherapy students on placement: The interplay between autonomy, risk, and responsibility: The interplay between autonomy, risk, and responsibility",https://pureportal.coventry.ac.uk/en/publications/empowerment-of-physiotherapy-students-on-placement-the-interplay-,21 Sept 2017
"Wilson, C., Broughan, C., Gakhal, S., Sparks, T.",https://pureportal.coventry.ac.uk/en/persons/sandeep-gakhal,Evaluating student satisfaction at a top-performing UK university,https://pureportal.coventry.ac.uk/en/publications/evaluating-student-satisfaction-at-a-top-performing-uk-university,15 Nov 2017
"Charalampous, M., Tramontano, C., Grant, C., Grunfield, E.","https://pureportal.coventry.ac.uk/en/persons/christine-grant,  https://pureportal.coventry.ac.uk/en/persons/carlo-tramontano",Exploring the relationship between remote e-working and work-related well-being.,https://pureportal.coventry.ac.uk/en/publications/exploring-the-relationship-between-remote-e-working-and-work-rela,Jan 2017
"Holmes, S.",https://pureportal.coventry.ac.uk/en/persons/sylwia-holmes,How to evaluate quality of teacher training? - Literature review and impact indicators framework for the pre-service teacher training programme in Jordan,https://pureportal.coventry.ac.uk/en/publications/how-to-evaluate-quality-of-teacher-training-literature-review-and,2017
"Hakouz, A., Pachler, N., Mkhiemir, F., Holmes, S.",https://pureportal.coventry.ac.uk/en/persons/sylwia-holmes,Monitoring and evaluation of the pre-service teacher education programme – report,https://pureportal.coventry.ac.uk/en/publications/monitoring-and-evaluation-of-the-pre-service-teacher-education-pr,2017
"Lan Tan, H., Roe, S., Wimpenny, K., Lewis, L., Gordon, I., Desiron, H.","https://pureportal.coventry.ac.uk/en/persons/katherine-wimpenny,  https://pureportal.coventry.ac.uk/en/persons/sarah-roe",Preparation for an uncertain world: international curriculum development for mental health occupational therapy,https://pureportal.coventry.ac.uk/en/publications/preparation-for-an-uncertain-world-international-curriculum-devel-6,6 Sept 2017
"Holmes, S.",https://pureportal.coventry.ac.uk/en/persons/sylwia-holmes,The impact of participation in music on learning mathematics,https://pureportal.coventry.ac.uk/en/publications/the-impact-of-participation-in-music-on-learning-mathematics,2017
"Hallam, S., Holmes, S.",https://pureportal.coventry.ac.uk/en/persons/sylwia-holmes,The impact of participation in music on learning mathematics.,https://pureportal.coventry.ac.uk/en/publications/the-impact-of-participation-in-music-on-learning-mathematics-2,30 Nov 2017
"Mackintosh, S., Clouder, D., Jones, M., Adefila, A.",https://pureportal.coventry.ac.uk/en/persons/deanne-clouder,"What Students Should Know, But Don't Know, They Don't Know, About Proving Their Trustworthiness To Clinical Educators",https://pureportal.coventry.ac.uk/en/publications/what-students-should-know-but-dont-know-they-dont-know-about-prov,2 Jun 2017
"Morini, L., Jorio, F.",https://pureportal.coventry.ac.uk/en/persons/luca-morini,A Less Lonely Place of Researching,https://pureportal.coventry.ac.uk/en/publications/a-less-lonely-place-of-researching,2016
"Kelman, J., Leung, K. Y. C., Miah, S., Westran, K., Li, W., Johnson, E., Sheikh, S., Malanca, A., Sagoo, M., Hunnigan, C.",https://pureportal.coventry.ac.uk/en/persons/emmanuel-johnson,Alienation and Affect in Milan,https://pureportal.coventry.ac.uk/en/publications/alienation-and-affect-in-milan,2016
"Wilson, C., Evans, A.",https://pureportal.coventry.ac.uk/en/persons/alun-dewinter,Linking attainment to interculturalism and global citizenship,https://pureportal.coventry.ac.uk/en/publications/linking-attainment-to-interculturalism-and-global-citizenship,2016
"Morini, L.",https://pureportal.coventry.ac.uk/en/persons/luca-morini,Play as Bulwark of Uselessness,https://pureportal.coventry.ac.uk/en/publications/play-as-bulwark-of-uselessness,4 May 2016
"Clouder, D., Lycett, D., Coufopoulos, A., Garvey, S.","https://pureportal.coventry.ac.uk/en/persons/deborah-lycett,  https://pureportal.coventry.ac.uk/en/persons/deanne-clouder",Protocol for Developing Spiritual Competencies in Dietetic Practice,https://pureportal.coventry.ac.uk/en/publications/protocol-for-developing-spiritual-competencies-in-dietetic-practi,2016
"Morini, L.",https://pureportal.coventry.ac.uk/en/persons/luca-morini,The many times I saved the world (or died trying),https://pureportal.coventry.ac.uk/en/publications/the-many-times-i-saved-the-world-or-died-trying,2016
"Holmes, S.",https://pureportal.coventry.ac.uk/en/persons/sylwia-holmes,“I’ve always not been a racist”: do we need to reconsider teaching and learning about the Holocaust?,https://pureportal.coventry.ac.uk/en/publications/ive-always-not-been-a-racist-do-we-need-to-reconsider-teaching-an,Sept 2016
"Crawford, M.",https://pureportal.coventry.ac.uk/en/persons/megan-crawford,Developing as an Educational Leader and Manager,https://pureportal.coventry.ac.uk/en/publications/developing-as-an-educational-leader-and-manager,2014
"Rogers, L., Hallam, S., Holmes, S.",https://pureportal.coventry.ac.uk/en/persons/sylwia-holmes,Evaluation of the SkillForce 'Back on Track' programme,https://pureportal.coventry.ac.uk/en/publications/evaluation-of-the-skillforce-back-on-track-programme,2014
"Rogers, L., Hallam, S., Holmes, S.",https://pureportal.coventry.ac.uk/en/persons/sylwia-holmes,Evaluation of the SkillForce 'Ethos' programme,https://pureportal.coventry.ac.uk/en/publications/evaluation-of-the-skillforce-ethos-programme,2014
"Bluteau, P., Clouder, D., Jackson, A., Davies, B.","https://pureportal.coventry.ac.uk/en/persons/patricia-bluteau,  https://pureportal.coventry.ac.uk/en/persons/deanne-clouder",Review of interprofessional education in the UK 1997–2003: Implanting Interprofessional Education in Qualifying Courses:  Eight Reflective Accounts – Coventry University & Warwick Medical School,https://pureportal.coventry.ac.uk/en/publications/review-of-interprofessional-education-in-the-uk-19972003-implanti,2014
"Crawford, M., Jones, S., Simkins, T., Coldron, J.",https://pureportal.coventry.ac.uk/en/persons/megan-crawford,The restructuring of schooling in England: The responses of well-positioned headteachers,https://pureportal.coventry.ac.uk/en/publications/the-restructuring-of-schooling-in-england-the-responses-of-well-p,13 May 2014
"Adefila, A., Odedra, S., Clouder, D., Jackson, C., Opie, J.",https://pureportal.coventry.ac.uk/en/persons/deanne-clouder,Enhancing Guidance for Disabled People Wanting to Become Health and Social Care Professionals Report,https://pureportal.coventry.ac.uk/en/publications/enhancing-guidance-for-disabled-people-wanting-to-become-health-a-3,13 Dec 2013
"Crawford, M.",https://pureportal.coventry.ac.uk/en/persons/megan-crawford,Enhancing school leadership: Evaluating the use of virtual learning communities,https://pureportal.coventry.ac.uk/en/publications/enhancing-school-leadership-evaluating-the-use-of-virtual-learnin,1 Jan 2013
"Morini, L., Fornasa, W.",https://pureportal.coventry.ac.uk/en/persons/luca-morini,"Il Dito ed il Link: Pensiero ed Esperienza Quotidiana dei ""Nativi Digitali""",https://pureportal.coventry.ac.uk/en/publications/il-dito-ed-il-link-pensiero-ed-esperienza-quotidiana-dei-nativi-d,2013
"Karakuş, M.",https://pureportal.coventry.ac.uk/en/persons/mehmet-karakus,Measuring intellectual capital in primary schools and examining in terms of some variables,https://pureportal.coventry.ac.uk/en/publications/measuring-intellectual-capital-in-primary-schools-and-examining-i,1 Jan 2013
"Usak, M., Afacan, O., Karakus, M.",https://pureportal.coventry.ac.uk/en/persons/mehmet-karakus,Turkish adaptation of the scale of “student perceptions of teachers’ knowledge (SPOTK)” and examining in the aspect of some variables,https://pureportal.coventry.ac.uk/en/publications/turkish-adaptation-of-the-scale-of-student-perceptions-of-teacher,15 Apr 2013
"Furlong, J., Adefila, A., Jackson, A., Dales, R., Clouder, L., Ball, S., Ali, I.",https://pureportal.coventry.ac.uk/en/persons/deanne-clouder,"Building confidence, competence and collaboration using technology enhanced learning resources",https://pureportal.coventry.ac.uk/en/publications/building-confidence-competence-and-collaboration-using-technology,20 Aug 2012
"Morini, L., Fornasa, W.",https://pureportal.coventry.ac.uk/en/persons/luca-morini,"""Mappe per..."" - Transizioni verso un'ecologia sociale",https://pureportal.coventry.ac.uk/en/publications/mappe-per-transizioni-verso-unecologia-sociale-2,15 Sept 2012
"Morini, L., Fornasa, W.",https://pureportal.coventry.ac.uk/en/persons/luca-morini,"""Mappe per..."" - Transizioni verso un'ecologia sociale",https://pureportal.coventry.ac.uk/en/publications/mappe-per-transizioni-verso-unecologia-sociale,10 Dec 2012
"Crawford, M., Bush, T.",https://pureportal.coventry.ac.uk/en/persons/megan-crawford,Mapping the Field over 40 Years: A Historical Review,https://pureportal.coventry.ac.uk/en/publications/mapping-the-field-over-40-years-a-historical-review,5 Sept 2012
"Angelov, D.",https://pureportal.coventry.ac.uk/en/persons/dimitar-angelov,Introduction,https://pureportal.coventry.ac.uk/en/publications/introduction-27,2010
"Angelov, D.",https://pureportal.coventry.ac.uk/en/persons/dimitar-angelov,Introduction,https://pureportal.coventry.ac.uk/en/publications/introduction-28,2010
"Wimpenny, K.",https://pureportal.coventry.ac.uk/en/persons/katherine-wimpenny,Participatory action research: An integrated approach towards practice development,https://pureportal.coventry.ac.uk/en/publications/participatory-action-research-an-integrated-approach-towards-prac,7 Apr 2010
"Angelov, D.",https://pureportal.coventry.ac.uk/en/persons/dimitar-angelov,A Heterogeneous Identity: The Case of the Etruscans,https://pureportal.coventry.ac.uk/en/publications/a-heterogeneous-identity-the-case-of-the-etruscans,2008
"Karakus, M.",https://pureportal.coventry.ac.uk/en/persons/mehmet-karakus,Eǧitim örgütlerinde entelektüel sermayenin yönetimi,https://pureportal.coventry.ac.uk/en/publications/e%C7%A7itim-%C3%B6rg%C3%BCtlerinde-entelekt%C3%BCel-sermayenin-y%C3%B6netimi,2008
"Wimpenny, K.",https://pureportal.coventry.ac.uk/en/persons/katherine-wimpenny,Practising cultural sensitivity in virtual spaces,https://pureportal.coventry.ac.uk/en/publications/practising-cultural-sensitivity-in-virtual-spaces,30 Sept 2006
"Crawford, M.",https://pureportal.coventry.ac.uk/en/persons/megan-crawford,The charismatic school leader:  Potent myth or persuasive effect?,https://pureportal.coventry.ac.uk/en/publications/the-charismatic-school-leader-potent-myth-or-persuasive-effect,1 Dec 2002
"Crawford, M., Glover, D., Levacic, R., Bennett, N.",https://pureportal.coventry.ac.uk/en/persons/megan-crawford,Strategic and resource management in primary schools: Evidence from OfSTED inspection reports,https://pureportal.coventry.ac.uk/en/publications/strategic-and-resource-management-in-primary-schools-evidence-fro,1 Dec 1997
